"gene_id","pbs","auxin","pbs.1","pbs.2","pbs.3","auxin.1","auxin.2","auxin.3","baseMean","log2FoldChange","lfcSE","pvalue","padj"
"1360",197.369269077316,180.040752745416,174.085862504707,196.268824404829,221.753120322412,177.055060435091,177.358055558049,185.709142243109,188.705010911366,-0.0220483772221355,0.122875461151796,0.664008777304149,0.988835539494147
"17.6",284.193935701666,338.629039404057,327.563429759635,302.21925173841,222.799125606952,290.173571268621,405.389841275541,320.323705668008,311.411487552861,0.0479720449219059,0.130527247399574,0.373284717069024,0.988835539494147
"1731",813.38461990252,636.11796164034,542.323559204694,555.805520438455,1342.02478006441,904.333312152843,208.124248869139,795.896323899038,724.75129077143,-0.0566178546406591,0.141320818284756,0.185996096660285,0.988835539494147
"297",1340.61673490118,3428.85735913568,1955.61875449213,745.126775837803,1321.10467437362,4934.18026059736,2743.62053291839,2608.77128389129,2384.73704701843,1.28472213587697,0.282959436713699,2.04662278387212e-07,2.57874470767887e-05
"3S18",1001.92069703143,1111.87042209052,1150.26826907316,783.338405367947,1072.15541665317,884.660527660055,1002.61594672611,1448.33479188541,1056.89555956098,0.0265685284730255,0.122879898664489,0.617729558595251,0.988835539494147
"412",1810.35108524648,1734.3261411938,1660.59473828477,2452.49185893468,1317.96665852,1536.93628849905,2162.68241216193,1503.35972292041,1772.33861322014,-0.0078373206756327,0.117618226626061,0.888376551424128,0.988835539494147
"accord",44.3740886820171,49.1129954211253,50.9784145652412,38.2116295301437,43.9322219506665,26.4353041621837,45.2444019280738,75.6592801731184,46.7435420515712,0.00134294511640177,0.1279397575988,0.972071764367281,0.988835539494147
"accord2",14.4563844448464,20.5136787692037,15.1850596577314,15.6320302623315,12.5520634144762,27.0500786775833,21.7173129254754,12.7736447045525,17.485031607025,0.0249797872919764,0.13320753727273,0.405199372400043,0.988835539494147
"aurora-element",57.6137382045481,61.4443890555876,87.8564165911604,24.3164915191824,60.6683065033014,129.10264823392,9.04888038561475,46.1816385472281,59.5290636300679,-0.0169867670230949,0.12906829896105,0.633494950437396,0.988835539494147
"baggins",42.5328328230677,46.1793316372061,85.1447987951369,22.5795992678122,19.8741004062539,98.978696979339,19.9075368483525,19.6517610839269,44.3560822301369,0.00416768252956012,0.127457883015955,0.914485889448762,0.988835539494147
"Bari1",6.30377507133354,3.44917478485527,8.13485338807041,8.68446125685085,2.09201056907936,4.91819612319697,5.42932823136885,0,4.87647492809441,-0.017030138356578,0.134001050191345,0.290940489276056,0.988835539494147
"Bari2",0,0.20492483846654,0,0,0,0.614774515399621,0,0,0.10246241923327,0.00112731216293431,0.133371987654749,0.816481714258326,0.988835539494147
"blood",1487.97862993717,1379.78192610675,1404.07569478095,1047.34602757621,2012.51416745434,1224.01606016065,1167.3055697443,1748.02414841529,1433.88027802196,-0.01880241904245,0.118971361595082,0.736658794492267,0.988835539494147
"BS",97.0719048336931,76.1233258115481,75.9252982886571,144.162056863724,71.1283593486982,59.0183534783636,110.3963407045,58.9552832517806,86.5976153226206,-0.050638762844559,0.135428861122099,0.30167313937735,0.988835539494147
"BS3",15.1859324133153,26.9566810087493,17.3543538945502,10.421353508221,17.7820898371746,39.3455689855757,19.9075368483525,21.6169371923196,21.0713067110323,0.0483927939213725,0.142110961478369,0.135553585931939,0.988835539494147
"BS4",1.39467371271957,0,0,0,4.18402113815872,0,0,0,0.697336856359786,-0.00233889430765565,0.13339526283183,0.632278719229476,0.988835539494147
"Burdock",35.0490960142575,31.9328947267983,24.4045601642112,39.9485217815139,40.7942060970475,24.5909806159848,28.9564172339672,42.2512863304428,33.4909953705279,-0.00895975824590134,0.128065362807634,0.797032093261015,0.988835539494147
"Circe",58.0079059822658,65.0471695345932,78.6369160846806,39.9485217815139,55.438280080603,112.503736318131,21.7173129254754,60.9204593601733,61.5275377584295,0.00316306776879312,0.126626364294437,0.938272951119634,0.988835539494147
"copia",2269.71494149737,2130.02836197825,1756.0436847048,2763.39557192994,2289.70556785736,1409.06318929593,2399.76307826503,2581.25881837379,2199.87165173781,-0.0258666545643099,0.120349858046133,0.642200703647135,0.988835539494147
"Cr1a",63.9199030435361,47.7253750624856,89.4833872687745,62.5281210493261,39.7482008125078,78.6911379711515,27.1466411568443,37.338346059461,55.8226390530109,-0.04609075149286,0.136984990072128,0.26925271096183,0.988835539494147
"diver",63.2017186742864,73.7937850317049,66.7057977821773,48.6329830383648,74.2663752023172,98.978696979339,50.6737301594426,71.7289279563331,68.4977518529957,0.0254975421544526,0.128321419042342,0.559823350243517,0.988835539494147
"diver2",30.4040759387396,28.4354662193779,36.8780020259192,15.6320302623315,38.7021955279681,46.1080886549716,12.6684325398607,26.5298774633013,29.4197710790587,-0.00931799450994974,0.129098332559018,0.780988559041003,0.988835539494147
"Dm88",127.122959602852,148.164208435494,112.260976755372,111.161104087691,157.946797965492,151.234530788307,132.113653629975,161.1444408882,137.643584019173,0.0391603447736042,0.128860548453296,0.433613951415046,0.988835539494147
"Doc",720.904520271929,761.311013593493,719.663363064629,493.277399389128,949.772798362029,825.027399666291,586.367448987836,872.538192126353,741.107766932711,0.0234354508070979,0.120374033661783,0.67680573798944,0.988835539494147
"Doc2-element",41.8774386593534,42.3858134393302,51.5207381244459,41.6854140328841,32.4261638207301,60.8626770245625,28.9564172339672,37.338346059461,42.1316260493418,0.00134421772016022,0.127111719996401,0.975138851998214,0.988835539494147
"Doc3-element",113.004306780873,88.6605636303092,104.126123367301,125.056242098652,109.830554876666,101.437795040937,97.7279081646393,66.8159876853513,100.832435205591,-0.0537408273997501,0.137002568548923,0.273740189528583,0.988835539494147
"Doc4-element",4.22909369378903,6.09992991115658,4.33858847363755,5.21067675411051,3.13801585361904,6.14774515399621,7.2391043084918,4.91294027098172,5.16451180247281,0.0103418466294,0.132691853789865,0.573214494383896,0.988835539494147
"F-element",190.494905964058,219.181396892525,240.249336727679,93.7921815739892,237.443199590507,294.476992876418,177.358055558049,185.709142243109,204.838151428292,0.0397390315843115,0.13040667951319,0.41232085773139,0.988835539494147
"FB",17.6503521561013,18.422394246402,15.7273832169361,22.5795992678122,14.6440739835555,17.828460946589,21.7173129254754,15.7214088671415,18.0363732012516,0.0047452426673841,0.129756550866135,0.879374935278097,0.988835539494147
"flea",970.791460489296,935.77785486483,752.20277661691,705.178254056289,1454.99335079469,979.335803031596,579.128344679344,1248.86941688355,953.284657677064,-0.00749299567544211,0.119510743169345,0.884479211572955,0.988835539494147
"frogger",2.18017353882433,1.47475805666372,2.71161779602347,1.73689225137017,2.09201056907936,2.45909806159848,0,1.96517610839269,1.82746579774403,-0.00436598401842511,0.133043226656232,0.69677414458278,0.988835539494147
"Fw2",10.2961423877518,15.5269533467242,11.3887947432986,6.94756900548068,12.5520634144762,12.2954903079924,12.6684325398607,21.6169371923196,12.911547867238,0.0238419764056243,0.133697270412628,0.399919866245974,0.988835539494147
"Fw3",2.09844129083997,3.0508409309475,1.08464711840939,5.21067675411051,0,5.53297063859659,3.6195521542459,0,2.57464111089373,0.00541311664290409,0.133184050385685,0.614287913238376,0.988835539494147
"G-element",27.9110017407369,34.738130538537,60.7402386309257,5.21067675411051,17.7820898371746,86.6832066713466,1.80977607712295,15.7214088671415,31.324566139637,0.00226336630609108,0.129667750084786,0.945515623245066,0.988835539494147
"G2",31.9810795188022,30.5054710468674,56.9439737164928,13.8951380109614,25.1041268289523,56.5592554167651,16.2879846941066,18.6691730297305,31.2432752828348,-0.00663355843087322,0.128623819472765,0.843309730627621,0.988835539494147
"G3",8.25810153479265,9.32114821149472,5.96555915125163,5.21067675411051,13.5980686990158,6.76251966939583,16.2879846941066,4.91294027098172,8.78962487314368,0.00137219764931001,0.131721903134867,0.941484639137189,0.988835539494147
"G4",77.9411632660881,77.8801155663786,47.7244732100131,118.108673093172,67.9903434950792,65.1660986323598,97.7279081646393,70.7463399021367,77.9106394162333,0.0108610469721004,0.125144503658769,0.803887605770461,0.988835539494147
"G5",19.7785764558585,22.051752659316,27.6585015194394,13.8951380109614,17.7820898371746,31.3535002853807,18.0977607712295,16.7039969213378,20.9151645575872,0.00871191416754001,0.129744961271576,0.786075671179085,0.988835539494147
"G5A",97.457232954227,81.5422271112488,73.2136804926337,135.477595606873,83.6804227631744,62.7070005707613,101.347460318885,80.5722204441002,89.499730032738,-0.0331123499564895,0.128578768515044,0.48439262601958,0.988835539494147
"G6",31.6892548716107,31.9139326210938,28.2008250786441,20.842707016442,46.0242325197459,41.8046670471742,12.6684325398607,41.2686982762464,31.8015937463522,-0.000379904459358065,0.128457363815013,0.989755470879665,0.989755470879665
"G7",0.348668428179893,0.808183530840857,0,0,1.04600528453968,0.614774515399621,1.80977607712295,0,0.578425979510375,0.00183855525543809,0.133328671777425,0.71053174070499,0.988835539494147
"GATE",152.315931993573,157.684841471802,162.697067761408,100.73975057947,193.510977639841,282.181502568426,54.2932823136885,136.579739533292,155.000386732688,-0.0173623982883808,0.126954908817944,0.672150638362712,0.988835539494147
"gtwin",8.77221660045693,11.8533259788286,15.1850596577314,6.94756900548068,4.18402113815872,12.910264823392,10.8586564627377,11.7910566503561,10.3127712896428,0.0168022513638861,0.13282383453999,0.463873070477523,0.988835539494147
"gypsy",419.646022295206,363.997532749293,441.451377192621,319.588174252111,497.898515440887,243.45070809825,371.004095810205,477.537794339423,391.82177752225,-0.0418610003492277,0.129463420604223,0.416272324562296,0.988835539494147
"gypsy10",20.1940760436797,22.032705780849,24.4045601642112,22.5795992678122,13.5980686990158,15.3693628849905,27.1466411568443,23.5821133007122,21.1133909122644,0.0052501946651509,0.129772700161514,0.862998043595099,0.988835539494147
"gypsy11",7.33689974458332,11.6846581737952,7.05020626966102,8.68446125685085,6.27603170723808,6.14774515399621,18.0977607712295,10.8084685961598,9.51077895918924,0.0161454338668691,0.132704813320479,0.484766191121005,0.988835539494147
"gypsy12",27.7459818971601,30.053585231798,37.9626491443286,13.8951380109614,31.3801585361904,52.2558338089678,16.2879846941066,21.6169371923196,28.899783564479,0.00391101157515572,0.128861787741048,0.906063436466668,0.988835539494147
"gypsy2",21.0335455859047,22.637758810343,21.6929423681878,22.5795992678122,18.8280951217142,36.8864709239773,16.2879846941066,14.7388208129451,21.8356521981239,0.00309073252290833,0.129641487016255,0.921835706723895,0.988835539494147
"gypsy3",11.617515883532,17.4950677177245,15.7273832169361,13.8951380109614,5.2300264226984,11.0659412771932,32.5759693882131,8.84329248776709,14.5562918006282,0.0168607411503758,0.132236959413494,0.508969031382096,0.988835539494147
"gypsy4",40.448571693009,41.162001126853,43.3858847363755,38.2116295301437,39.7482008125078,49.7967357473693,34.3857454653361,39.3035221678537,40.805286409931,0.00263857293316522,0.126930724627239,0.948065630149317,0.988835539494147
"gypsy5",8.09020762634768,6.49826376506435,6.50788271045633,5.21067675411051,12.5520634144762,5.53297063859659,9.04888038561475,4.91294027098172,7.29423569570601,-0.00788791294336199,0.132127486259286,0.691311664686264,0.988835539494147
"gypsy6",27.0723857863271,34.8496577081695,36.3356784667145,26.0533837705526,18.8280951217142,45.493314139572,21.7173129254754,37.338346059461,30.9610217472483,0.0286543243197366,0.132596742577924,0.415799751833998,0.988835539494147
"gypsy7",16.4364529631166,11.1579830886331,16.2697067761408,22.5795992678122,10.4600528453968,14.7545883695909,10.8586564627377,7.86070443357075,13.7972180258749,-0.0213057094766269,0.132924030614827,0.431542013998365,0.988835539494147
"gypsy8",30.5333088455462,18.8420501820032,34.1663842298957,26.0533837705526,31.3801585361904,32.5830493161799,7.2391043084918,16.7039969213378,24.6876795137747,-0.0480905127639714,0.14174278580784,0.139590341396053,0.988835539494147
"gypsy9",4.82093838886899,5.04478540371282,5.42323559204694,6.94756900548068,2.09201056907936,1.84432354619886,5.42932823136885,7.86070443357075,4.93286189629091,-0.000826117593598156,0.132400315242696,0.954297051676905,0.988835539494147
"HB",28.9454067957094,25.5319286253891,18.9813245721643,36.4747372787736,31.3801585361904,15.3693628849905,30.7661933110902,30.4602296800866,27.2386677105493,-0.0144859446145771,0.129399950660698,0.678423841376034,0.988835539494147
"Helena",3.28858057052918,4.66545604189079,3.25394135522816,3.47378450274034,3.13801585361904,1.84432354619886,7.2391043084918,4.91294027098172,3.97701830620999,0.00376256063318285,0.132506275732117,0.809611526069502,0.988835539494147
"Helitron",0.697336856359787,0.20492483846654,0,0,2.09201056907936,0.614774515399621,0,0,0.451130847413163,-0.0001977387830821,0.133352913314717,0.962105449695702,0.988835539494147
"HeT-A",18317.4921587266,14111.0719297604,12200.653111428,28867.1492177722,13884.6741469797,8552.74305823953,22976.917075153,10803.5556558888,16214.2820442435,-0.136953536757947,0.185754877448653,0.0909782921983761,0.988835539494147
"HMS-Beagle",781.188400784041,741.117036415578,713.697803913377,981.344122024146,648.523276414601,667.645123723988,660.568268149877,895.137717372869,761.15271859981,-0.0112457699000897,0.121280298784559,0.817058697223619,0.988835539494147
"HMS-Beagle2",64.1148577240523,51.5992920896323,49.3514438876271,83.3708280657682,59.6223012187617,46.7228631703712,68.7714909306721,39.3035221678537,57.8570749068424,-0.0365987319377508,0.131937004246058,0.400930360334865,0.988835539494147
"hobo",348.014617346409,274.90387389593,352.510313483051,342.167773519924,349.365765036253,213.941531359068,267.846859414197,342.923230914524,311.459245621169,-0.0743191693579833,0.144262369783453,0.189097322998761,0.988835539494147
"hopper",11.7016762347083,12.1595756349152,8.6771769472751,19.1058147650719,7.32203699177776,14.1398138541913,14.4782086169836,7.86070443357075,11.9306259348117,0.00651420582727115,0.13107353883968,0.798475280897142,0.988835539494147
"hopper2",0.361549039469797,1.06490837973064,1.08464711840939,0,0,1.22954903079924,0,1.96517610839269,0.713228709600219,0.00278081432974925,0.133325189248391,0.630774170649227,0.988835539494147
"I-element",124.318672753532,99.6767555206502,109.549358959348,144.162056863724,119.244602437523,95.9048244023409,83.2496995476557,119.875742611954,111.997714137091,-0.0462054110141994,0.133201481076769,0.344343318574697,0.988835539494147
"Idefix",49.4579798002817,48.9380676452818,43.9282082955802,41.6854140328841,62.7603170723808,32.5830493161799,54.2932823136885,59.9378713059769,49.1980237227817,-0.00642311014777646,0.126616767190164,0.871297542459577,0.988835539494147
"INE-1",125.374352115302,110.516985777921,77.0099454070665,199.74260890757,99.3705020312696,62.7070005707613,164.689623018189,104.154333744812,117.945668946611,-0.0263332668883558,0.125695731338636,0.585046574504399,0.988835539494147
"invader1",42.3988955378994,34.8000905145914,31.4547664338722,38.2116295301437,57.5302906496824,28.2796277083826,28.9564172339672,47.1642266014245,38.5994930262454,-0.0256127329829212,0.130317576946453,0.51875567469863,0.988835539494147
"invader2",81.9291203377986,67.2068561975337,53.6900323612647,99.0028583280997,93.0944703240315,71.9286183017557,68.7714909306721,60.9204593601733,74.5679882676662,-0.0253875458135902,0.128566105132689,0.544742520798426,0.988835539494147
"invader3",46.9702077703391,60.3453716865068,35.7933549075098,48.6329830383648,56.4842853651427,83.6093340943485,32.5759693882131,64.8508115769587,53.6577897284229,0.0309380912347004,0.13232277178528,0.412326818099643,0.988835539494147
"invader4",32.6144592803887,39.2243646845826,36.8780020259192,13.8951380109614,47.0702378042856,35.656921893178,28.9564172339672,53.0597549266025,35.9194119824856,0.0249045975038651,0.130960982250356,0.500247522092782,0.988835539494147
"invader5",2.89482041895028,3.61206348518545,0,8.68446125685085,0,2.45909806159848,5.42932823136885,2.94776416258903,3.25344195206787,0.0141508449162463,0.134028213254525,0.15150958280368,0.988835539494147
"invader6",21.0488734681552,17.9342513978995,13.0157654209127,20.842707016442,29.288147967111,19.6727844927879,14.4782086169836,19.6517610839269,19.4915624330273,-0.00697598926609412,0.130012103781589,0.80974798511946,0.988835539494147
"Ivk",33.0017312069009,38.5820505030607,42.3012376179661,34.7378450274034,21.9661109753333,47.9524122011704,34.3857454653361,33.4079938426757,35.7918908549808,0.0226349237542322,0.13008793007325,0.551625968417661,0.988835539494147
"jockey",70.6118994680405,57.1252973116565,70.5020626966102,60.791228797956,80.5424069095553,60.2479025091629,56.1030583908115,55.0249310349952,63.8685983898485,-0.0376193649863227,0.131813029398384,0.399146629515099,0.988835539494147
"jockey2",32.3608305053906,29.0674508897435,26.0315308418253,20.842707016442,50.2082536579046,25.8205296467841,28.9564172339672,32.4254057884793,30.7141406975671,-0.0075674225581526,0.128592924268244,0.82788998313628,0.988835539494147
"Juan",73.405268679817,81.6911849784342,79.1792396438853,46.8960907869946,94.1404756085712,54.1001573551667,76.0105952391639,114.962802340972,77.5482268291256,0.0124284695483324,0.12634590486511,0.76527285257749,0.988835539494147
"looper1",5.53560443676364,3.52225449059071,1.62697067761408,3.47378450274034,11.5060581299365,3.68864709239773,0,6.8781163793744,4.52892946367717,-0.00614156488352697,0.132721141227992,0.676806435744092,0.988835539494147
"mariner2",6.01107766855821,3.79973578230466,7.59252982886571,5.21067675411051,5.2300264226984,8.6068432155947,1.80977607712295,0.982588054196343,4.90540672543144,-0.0142950799756024,0.133510006304435,0.364749684444095,0.988835539494147
"Max-element",1033.42166899402,1031.13833648827,1065.12347027802,666.966624526145,1368.1749121779,1390.00517931854,622.562970530295,1080.84685961598,1032.28000274115,-0.00355504122215976,0.119328204176011,0.949223236657504,0.988835539494147
"McClintock",40.0057171994624,41.946587372774,27.1161779602347,52.1067675411051,40.7942060970475,35.656921893178,59.7226105450574,30.4602296800866,40.9761522861182,0.00610214622480687,0.127288706791897,0.875000034096403,0.988835539494147
"mdg1",293.025518511019,256.347681313738,234.826101135632,399.485217815139,244.765236582285,221.318825543864,304.042380956656,243.681837440693,274.686599912378,-0.031047260634303,0.123896996959115,0.559549673893651,0.988835539494147
"mdg3",330.097550892086,487.847451467147,184.932333688801,204.95328566168,600.407033325776,248.983678736847,903.078262484352,311.480413180241,408.972501179616,0.0425833663883292,0.137357585796707,0.216859339274333,0.988835539494147
"micropia",101.534558220458,121.459689221433,110.634006077758,64.2650133006963,129.70465528292,158.611824973102,52.4835062365656,153.28373645463,111.497123720945,0.0283660658629191,0.127394832107169,0.544048689076231,0.988835539494147
"NOF",4.66392378242956,5.83168923924149,2.16929423681878,8.68446125685085,3.13801585361904,3.68864709239773,10.8586564627377,2.94776416258903,5.24780651083552,0.00658125964206037,0.132385995739553,0.713839775125005,0.988835539494147
"opus",199.791688624151,188.014607172051,209.336893853012,220.585315924012,169.452856095428,250.828002283045,162.879846941066,150.335972292041,193.9031478981,-0.01749449465628,0.123000288697199,0.726017587746282,0.988835539494147
"Osvaldo",2.52884196700423,2.48786642597112,2.71161779602347,1.73689225137017,3.13801585361904,3.68864709239773,1.80977607712295,1.96517610839269,2.50835419648767,-0.000245880909223901,0.132738300379156,0.980987638387051,0.988835539494147
"P-element",8.26653356583762,10.4228792635277,11.9311183025033,8.68446125685085,4.18402113815872,12.910264823392,3.6195521542459,14.7388208129451,9.34470641468265,0.00867173202654347,0.132041674318396,0.66779914369627,0.988835539494147
"pogo",77.7788464915884,54.166498192149,76.4676218478618,102.47664283084,54.3922747960633,36.2716964085776,63.3421626993033,62.885635468566,65.9726723418687,-0.0600859576586116,0.144171659574012,0.169252210250707,0.988835539494147
"Porto1",38.7273766144908,20.4848680184498,24.4045601642112,72.9494745575471,18.8280951217142,14.1398138541913,32.5759693882131,14.7388208129451,29.6061223164704,-0.0624823972662325,0.149151050608753,0.0980470147434335,0.988835539494147
"Q-element",0.361549039469797,0,1.08464711840939,0,0,0,0,0,0.180774519734898,-0.00129874782574591,0.133377609118784,0.761302522778188,0.988835539494147
"Quasimodo",52.3117302821703,57.3307030162298,49.3514438876271,41.6854140328841,65.8983329259998,38.7307944701761,61.5323866221803,71.7289279563331,54.8212166492001,0.00880034286022479,0.126506001222029,0.829526817149551,0.988835539494147
"R1-2",3.73629127045961,5.0885734925876,2.16929423681878,6.94756900548068,2.09201056907936,9.83639224639394,5.42932823136885,0,4.4124323815236,0.00138556695627725,0.13268252314419,0.918951016970623,0.988835539494147
"R1A1-element",315.610277887235,400.846690294043,894.29154912854,29.5271682732929,23.012116259873,1170.53067732088,16.2879846941066,15.7214088671415,358.228484090639,-0.0172215184948812,0.126898961444108,0.679122844319668,0.988835539494147
"R2-element",25.2146926591953,40.2082662097918,45.0128554139896,13.8951380109614,16.7360845526349,79.3059124865511,10.8586564627377,30.4602296800866,32.7114794344935,0.0421253342779956,0.137925513295836,0.231531166414783,0.988835539494147
"roo",16184.9120300742,31285.9664358457,22848.0915492937,12764.4211553194,12942.2233856095,41700.1553795563,22394.1691783194,29763.5747496614,23735.43923296,0.826722043681516,0.263985893536562,7.80933030790126e-05,0.00491987809397779
"rooA",129.492301356918,211.4743298599,123.64977149867,137.214487858243,127.612644713841,174.595962373492,171.92872732668,287.898299879529,170.483315608409,0.162453971622961,0.25898150015231,0.0294266992826057,0.926941027402079
"rover",254.09603556669,211.12927458982,203.913658260965,333.483312263073,224.891136176031,134.020844357117,329.379246036377,169.987733375967,232.612655078255,-0.0674255502167314,0.140445412628743,0.225937852727223,0.988835539494147
"Rt1a",60.7963806521213,67.8540301379265,106.837741163325,29.5271682732929,46.0242325197459,129.71742274932,32.5759693882131,41.2686982762464,64.3252053950238,0.0108975987286349,0.12629478326914,0.79475047301884,0.988835539494147
"Rt1b",121.940111015162,136.651762386427,256.51904350382,48.6329830383648,60.6683065033014,338.125983469792,21.7173129254754,50.1119907640135,129.295936700794,-0.0243880670647456,0.128335496040018,0.556413943771754,0.988835539494147
"Rt1c",21.4510464830104,15.151127886379,23.3199130458018,29.5271682732929,11.5060581299365,22.1318825543864,14.4782086169836,8.84329248776709,18.3010871846947,-0.0235681622839018,0.132789809220836,0.424969538032511,0.988835539494147
"S-element",31.2157637813318,37.9810246275316,28.2008250786441,27.7902760219227,37.6561902434285,30.7387257699811,38.005297619582,45.1990504930318,34.5983942044317,0.0232012051938106,0.13015588635178,0.539350150574828,0.988835539494147
"S2",9.2996582390874,7.71629697283829,10.8464711840939,8.68446125685085,8.36804227631744,7.37729418479545,10.8586564627377,4.91294027098172,8.50797760596284,-0.0104089015865192,0.132031788997688,0.638427702392864,0.988835539494147
"springer",28.2882862885961,33.7974514633333,40.674266940352,24.3164915191824,19.8741004062539,39.9603435009754,39.8150736967049,21.6169371923196,31.0428688759647,0.0184654249643791,0.129862490738666,0.606513225721833,0.988835539494147
"Stalker",13.4876819958148,35.0298413362283,20.6082952497784,5.21067675411051,14.6440739835555,54.1001573551667,12.6684325398607,38.3209341136574,24.2587616660215,0.101557918595495,0.191329311566162,0.0100295190537394,0.421239800257054
"Stalker2",305.304044027748,307.277545387702,310.209075865085,357.799803782255,247.903252435904,300.624738030415,329.379246036377,291.828652096314,306.290794707725,0.00746250069207664,0.119822279464042,0.929603996910825,0.988835539494147
"Stalker3",2.57836310287949,3.07212062625969,2.16929423681878,3.47378450274034,2.09201056907936,4.30342160779735,0,4.91294027098172,2.82524186456959,0.00167515577791471,0.132808649531288,0.891438888776194,0.988835539494147
"Stalker4",7.51967557360257,8.05534214726238,12.473441861708,6.94756900548068,3.13801585361904,9.22161773099432,9.04888038561475,5.89552832517806,7.78750886043247,0.003762244823877,0.131747256285052,0.818354732505792,0.988835539494147
"Tabor",416.669389928943,330.429728275787,314.005340779518,609.64918023093,326.35364877638,249.598453252246,425.297378123893,316.393353451223,373.549559102365,-0.0646742967172273,0.136667018929801,0.265316642348843,0.988835539494147
"TAHRE",11961.7220120447,9831.32530220083,7700.45221714745,18939.0731089403,9245.64071004623,4918.81089771237,16791.1024435467,7784.06256534343,10896.5236571228,-0.0926490184130879,0.150906362267404,0.148894262504155,0.988835539494147
"TART-A",200.249946156895,154.848405194688,147.512008103677,290.061005978818,163.17682438819,113.11851083353,209.934024946262,141.492679804273,177.549175675792,-0.0681624501396766,0.141037989723113,0.220591916058211,0.988835539494147
"TART-B",548.840102076328,407.922343692856,337.867577384524,818.07625039535,490.57647844911,371.323807301371,577.318568602221,275.124655174976,478.381222884592,-0.0799038597301098,0.148930002994624,0.163891676880418,0.988835539494147
"TART-C",1072.72198412904,823.306799203955,760.879953564185,1630.94182403659,826.344174786347,492.434386835096,1458.6795181611,518.806492615669,948.014391666498,-0.145120592800056,0.204879895682656,0.0589998989797616,0.988835539494147
"Tc1",52.4498220139295,56.042528365328,39.047296262738,66.0019055520665,52.300264226984,36.8864709239773,85.0594756247787,46.1816385472281,54.2461751896288,0.00334845832477987,0.125866547480267,0.938145560936102,0.988835539494147
"Tc1-2",45.9092822296878,33.8227159262291,31.9970899930769,71.212582306177,34.5181743898094,26.4353041621837,41.6248497738279,33.4079938426757,39.8659990779584,-0.0336402122742382,0.132748730913798,0.391466668025283,0.988835539494147
"Tc3",6.91939884747764,10.0107543833682,5.42323559204694,1.73689225137017,13.5980686990158,12.2954903079924,10.8586564627377,6.8781163793744,8.46507661542291,0.0161171611177066,0.133285719712744,0.399006666251094,0.988835539494147
"Tirant",298.677334451795,220.26688148997,164.866361998227,373.431834044587,357.73380731257,118.651481472127,231.651337871738,310.497825126044,259.472107970882,-0.102949332972145,0.166310039356468,0.104840464848765,0.988835539494147
"Tom1",149.630054738233,103.929521043512,92.7373286240026,237.954238437713,118.198597152984,86.068432155947,117.635445012992,108.084685961598,126.779787890873,-0.0622407796385693,0.141604791992862,0.212923862564656,0.988835539494147
"transib1",3.48223570155398,4.14451767505078,4.88091203284224,3.47378450274034,2.09201056907936,3.07387257699811,5.42932823136885,3.93035221678537,3.81337668830238,0.00295449104050298,0.132500395966253,0.84858649568465,0.988835539494147
"transib2",15.7500145765311,15.7048617715565,11.3887947432986,13.8951380109614,21.9661109753333,21.5171080389867,10.8586564627377,14.7388208129451,15.7274381740438,0.00157788118457924,0.130449847762445,0.93611630641945,0.988835539494147
"transib3",51.2210409003705,48.3244794417513,33.624060670691,67.7387978034366,52.300264226984,24.5909806159848,74.200819162041,46.1816385472281,49.7727601710609,-0.0179555280935198,0.127743594995166,0.661059762772268,0.988835539494147
"transib4",2.93991214234929,3.30581382909886,3.25394135522816,3.47378450274034,2.09201056907936,1.22954903079924,1.80977607712295,6.8781163793744,3.12286298572408,-0.00143934369452076,0.132729817890928,0.90562479614114,0.988835539494147
"Transpac",120.043785576551,124.840658675336,55.3170030388788,166.741656131536,138.072697559238,30.1239512545814,177.358055558049,167.039969213378,122.442222125944,-0.0197406420113079,0.126108737724861,0.658257235440733,0.988835539494147
"X-element",19.2744679366159,28.9927040060322,42.8435611771708,3.47378450274034,11.5060581299365,55.3297063859659,9.04888038561475,22.5995252465159,24.133585971324,0.0427645808979602,0.139389552770772,0.178292400482289,0.988835539494147
"Xanthias",248.361894007625,206.499770672078,143.715743189244,210.163962415791,391.20597641784,205.949462658873,115.825668935869,297.724180421492,227.430832339851,-0.0323480250792806,0.128393344748045,0.48603015789434,0.988835539494147
"ZAM",71.8974476915132,65.6496930425732,51.5207381244459,107.687319584951,56.4842853651427,35.0421473777784,94.1083560103934,67.7985757395477,68.7735703670431,-0.0195522590016392,0.127019329214891,0.646746307009638,0.988835539494147
